BindingDB Reactant_set_id	Ligand SMILES	Ligand InChI	Ligand InChI Key	BindingDB MonomerID	BindingDB Ligand Name	Target Name Assigned by Curator or DataSource	Target Source Organism According to Curator or DataSource	Ki (nM)	IC50 (nM)	Kd (nM)	EC50 (nM)	kon (M-1-s-1)	koff (s-1)	pH	Temp (C)	Curation/DataSource	Article DOI	PMID	PubChem AID	Patent Number	Authors	Institution	Link to Ligand in BindingDB	Link to Target in BindingDB	Link to Ligand-Target Pair in BindingDB	Ligand HET ID in PDB	PDB ID(s) for Ligand-Target Complex	PubChem CID	PubChem SID	ChEBI ID of Ligand	ChEMBL ID of Ligand	DrugBank ID of Ligand	IUPHAR_GRAC ID of Ligand	KEGG ID of Ligand	ZINC ID of Ligand	Number of Protein Chains in Target (>1 implies a multichain complex)	BindingDB Target Chain  Sequence	PDB ID(s) of Target Chain	UniProt (SwissProt) Recommended Name of Target Chain	UniProt (SwissProt) Entry Name of Target Chain	UniProt (SwissProt) Primary ID of Target Chain	UniProt (SwissProt) Secondary ID(s) of Target Chain	UniProt (SwissProt) Alternative ID(s) of Target Chain	UniProt (TrEMBL) Submitted Name of Target Chain	UniProt (TrEMBL) Entry Name of Target Chain	UniProt (TrEMBL) Primary ID of Target Chain	UniProt (TrEMBL) Secondary ID(s) of Target Chain	UniProt (TrEMBL) Alternative ID(s) of Target Chain
33562	CCCCCCc1ccc(cc1)C(=O)CCN(C)CCc1ccccc1	InChI=1S/C24H33NO/c1-3-4-5-7-12-22-13-15-23(16-14-22)24(26)18-20-25(2)19-17-21-10-8-6-9-11-21/h6,8-11,13-16H,3-5,7,12,17-20H2,1-2H3	FGWKZYSXJPDHSP-UHFFFAOYSA-N	18814	1-(4-hexylphenyl)-3-[methyl(2-phenylethyl)amino]propan-1-one::beta-Aminophenylketone, 3a	Thyroid Hormone Receptor (TR-alpha)	Homo sapiens		 3600					7.2	22.00 C	Curated from the literature by BindingDB	10.1021/jm070556y	17918822			Arnold, LA; Kosinski, A; Estebanez-Perpina, E; Fletterick, RJ; Guy, RK	St. Jude Research Hospital	http://www.bindingdb.org/bind/chemsearch/marvin/MolStructure.jsp?monomerid=18814	http://www.bindingdb.org/jsp/dbsearch/PrimarySearch_ki.jsp?energyterm=kJ/mole&tag=pol&polymerid=1949&target=Thyroid+Hormone+Receptor+%28TR-alpha%29&column=ki&startPg=0&Increment=50&submit=Search	http://www.bindingdb.org/jsp/dbsearch/PrimarySearch_ki.jsp?energyterm=kJ/mole&tag=r21&monomerid=18814&enzyme=Thyroid+Hormone+Receptor+%28TR-alpha%29&column=ki&startPg=0&Increment=50&submit=Search			23635238	46518868						ZINC14968919	1	EEMIRSLQQRPEPTPEEWDLIHIATEAHRSTNAQGSHWKQRRKFLPDDIGQSPIVSMPDGDKVDLEAFSEFTKIITPAITRVVDFAKKLPMFSELPCEDQIILLKGCCMEIMSLRAAVRYDPESDTLTLSGEMAVKREQLKNGGLGVVSDAIFELGKSLSAFNLDDTEVALLQAVLLMSTDRSGLLCVDKIEKSQEAYLLAFEHYVNHRKHNIPHFWPKLLMKEREVQSSILYKGAAAEGRPGGSLGVHPEGQQLLGMHVVQV	1NAV,2H77,2H79,3HZF,3ILZ,3JZB,4LNW,4LNX										
33563	CCCCCCc1ccc(cc1)C(=O)CCN(C)CCO	InChI=1S/C18H29NO2/c1-3-4-5-6-7-16-8-10-17(11-9-16)18(21)12-13-19(2)14-15-20/h8-11,20H,3-7,12-15H2,1-2H3	GWWLXQSKLVUJGE-UHFFFAOYSA-N	18815	1-(4-hexylphenyl)-3-[(2-hydroxyethyl)(methyl)amino]propan-1-one::beta-Aminophenylketone, 3b	Thyroid Hormone Receptor (TR-alpha)	Homo sapiens		 3000					7.2	22.00 C	Curated from the literature by BindingDB	10.1021/jm070556y	17918822			Arnold, LA; Kosinski, A; Estebanez-Perpina, E; Fletterick, RJ; Guy, RK	St. Jude Research Hospital	http://www.bindingdb.org/bind/chemsearch/marvin/MolStructure.jsp?monomerid=18815	http://www.bindingdb.org/jsp/dbsearch/PrimarySearch_ki.jsp?energyterm=kJ/mole&tag=pol&polymerid=1949&target=Thyroid+Hormone+Receptor+%28TR-alpha%29&column=ki&startPg=0&Increment=50&submit=Search	http://www.bindingdb.org/jsp/dbsearch/PrimarySearch_ki.jsp?energyterm=kJ/mole&tag=r21&monomerid=18815&enzyme=Thyroid+Hormone+Receptor+%28TR-alpha%29&column=ki&startPg=0&Increment=50&submit=Search			23635239	46518869						ZINC14968922	1	EEMIRSLQQRPEPTPEEWDLIHIATEAHRSTNAQGSHWKQRRKFLPDDIGQSPIVSMPDGDKVDLEAFSEFTKIITPAITRVVDFAKKLPMFSELPCEDQIILLKGCCMEIMSLRAAVRYDPESDTLTLSGEMAVKREQLKNGGLGVVSDAIFELGKSLSAFNLDDTEVALLQAVLLMSTDRSGLLCVDKIEKSQEAYLLAFEHYVNHRKHNIPHFWPKLLMKEREVQSSILYKGAAAEGRPGGSLGVHPEGQQLLGMHVVQV	1NAV,2H77,2H79,3HZF,3ILZ,3JZB,4LNW,4LNX										
33564	CCCCCCc1ccc(cc1)C(=O)CCN(C(C)C)C(C)C	InChI=1S/C21H35NO/c1-6-7-8-9-10-19-11-13-20(14-12-19)21(23)15-16-22(17(2)3)18(4)5/h11-14,17-18H,6-10,15-16H2,1-5H3	ZKWDUQIOLWFBHX-UHFFFAOYSA-N	18816	3-[bis(propan-2-yl)amino]-1-(4-hexylphenyl)propan-1-one::beta-Aminophenylketone, 3c	Thyroid Hormone Receptor (TR-alpha)	Homo sapiens		 4100					7.2	22.00 C	Curated from the literature by BindingDB	10.1021/jm070556y	17918822			Arnold, LA; Kosinski, A; Estebanez-Perpina, E; Fletterick, RJ; Guy, RK	St. Jude Research Hospital	http://www.bindingdb.org/bind/chemsearch/marvin/MolStructure.jsp?monomerid=18816	http://www.bindingdb.org/jsp/dbsearch/PrimarySearch_ki.jsp?energyterm=kJ/mole&tag=pol&polymerid=1949&target=Thyroid+Hormone+Receptor+%28TR-alpha%29&column=ki&startPg=0&Increment=50&submit=Search	http://www.bindingdb.org/jsp/dbsearch/PrimarySearch_ki.jsp?energyterm=kJ/mole&tag=r21&monomerid=18816&enzyme=Thyroid+Hormone+Receptor+%28TR-alpha%29&column=ki&startPg=0&Increment=50&submit=Search			23635240	46518870						ZINC14968926	1	EEMIRSLQQRPEPTPEEWDLIHIATEAHRSTNAQGSHWKQRRKFLPDDIGQSPIVSMPDGDKVDLEAFSEFTKIITPAITRVVDFAKKLPMFSELPCEDQIILLKGCCMEIMSLRAAVRYDPESDTLTLSGEMAVKREQLKNGGLGVVSDAIFELGKSLSAFNLDDTEVALLQAVLLMSTDRSGLLCVDKIEKSQEAYLLAFEHYVNHRKHNIPHFWPKLLMKEREVQSSILYKGAAAEGRPGGSLGVHPEGQQLLGMHVVQV	1NAV,2H77,2H79,3HZF,3ILZ,3JZB,4LNW,4LNX										
33565	CCCCCCc1ccc(cc1)C(=O)CCN1CCCC1	InChI=1S/C19H29NO/c1-2-3-4-5-8-17-9-11-18(12-10-17)19(21)13-16-20-14-6-7-15-20/h9-12H,2-8,13-16H2,1H3	JLKDVLVMCWHHMR-UHFFFAOYSA-N	18817	1-(4-hexylphenyl)-3-(pyrrolidin-1-yl)propan-1-one::beta-Aminophenylketone, 3d	Thyroid Hormone Receptor (TR-alpha)	Homo sapiens		 4300					7.2	22.00 C	Curated from the literature by BindingDB	10.1021/jm070556y	17918822			Arnold, LA; Kosinski, A; Estebanez-Perpina, E; Fletterick, RJ; Guy, RK	St. Jude Research Hospital	http://www.bindingdb.org/bind/chemsearch/marvin/MolStructure.jsp?monomerid=18817	http://www.bindingdb.org/jsp/dbsearch/PrimarySearch_ki.jsp?energyterm=kJ/mole&tag=pol&polymerid=1949&target=Thyroid+Hormone+Receptor+%28TR-alpha%29&column=ki&startPg=0&Increment=50&submit=Search	http://www.bindingdb.org/jsp/dbsearch/PrimarySearch_ki.jsp?energyterm=kJ/mole&tag=r21&monomerid=18817&enzyme=Thyroid+Hormone+Receptor+%28TR-alpha%29&column=ki&startPg=0&Increment=50&submit=Search			23635241	46518871						ZINC14968930	1	EEMIRSLQQRPEPTPEEWDLIHIATEAHRSTNAQGSHWKQRRKFLPDDIGQSPIVSMPDGDKVDLEAFSEFTKIITPAITRVVDFAKKLPMFSELPCEDQIILLKGCCMEIMSLRAAVRYDPESDTLTLSGEMAVKREQLKNGGLGVVSDAIFELGKSLSAFNLDDTEVALLQAVLLMSTDRSGLLCVDKIEKSQEAYLLAFEHYVNHRKHNIPHFWPKLLMKEREVQSSILYKGAAAEGRPGGSLGVHPEGQQLLGMHVVQV	1NAV,2H77,2H79,3HZF,3ILZ,3JZB,4LNW,4LNX										
33566	CCCCCCc1ccc(cc1)C(=O)CCN1CCOCC1	InChI=1S/C19H29NO2/c1-2-3-4-5-6-17-7-9-18(10-8-17)19(21)11-12-20-13-15-22-16-14-20/h7-10H,2-6,11-16H2,1H3	DRNLQHKMQJOYPM-UHFFFAOYSA-N	18818	1-(4-hexylphenyl)-3-(morpholin-4-yl)propan-1-one::beta-Aminophenylketone, 3e	Thyroid Hormone Receptor (TR-alpha)	Homo sapiens		 4100					7.2	22.00 C	Curated from the literature by BindingDB	10.1021/jm070556y	17918822			Arnold, LA; Kosinski, A; Estebanez-Perpina, E; Fletterick, RJ; Guy, RK	St. Jude Research Hospital	http://www.bindingdb.org/bind/chemsearch/marvin/MolStructure.jsp?monomerid=18818	http://www.bindingdb.org/jsp/dbsearch/PrimarySearch_ki.jsp?energyterm=kJ/mole&tag=pol&polymerid=1949&target=Thyroid+Hormone+Receptor+%28TR-alpha%29&column=ki&startPg=0&Increment=50&submit=Search	http://www.bindingdb.org/jsp/dbsearch/PrimarySearch_ki.jsp?energyterm=kJ/mole&tag=r21&monomerid=18818&enzyme=Thyroid+Hormone+Receptor+%28TR-alpha%29&column=ki&startPg=0&Increment=50&submit=Search			23635362	46518872						ZINC14968935	1	EEMIRSLQQRPEPTPEEWDLIHIATEAHRSTNAQGSHWKQRRKFLPDDIGQSPIVSMPDGDKVDLEAFSEFTKIITPAITRVVDFAKKLPMFSELPCEDQIILLKGCCMEIMSLRAAVRYDPESDTLTLSGEMAVKREQLKNGGLGVVSDAIFELGKSLSAFNLDDTEVALLQAVLLMSTDRSGLLCVDKIEKSQEAYLLAFEHYVNHRKHNIPHFWPKLLMKEREVQSSILYKGAAAEGRPGGSLGVHPEGQQLLGMHVVQV	1NAV,2H77,2H79,3HZF,3ILZ,3JZB,4LNW,4LNX										
33567	CCCCCCc1ccc(cc1)C(=O)CCN1CCC(CC1)C(=O)OC	InChI=1S/C22H33NO3/c1-3-4-5-6-7-18-8-10-19(11-9-18)21(24)14-17-23-15-12-20(13-16-23)22(25)26-2/h8-11,20H,3-7,12-17H2,1-2H3	QESMLDAGHLHSQF-UHFFFAOYSA-N	18819	beta-Aminophenylketone, 3f::methyl 1-[3-(4-hexylphenyl)-3-oxopropyl]piperidine-4-carboxylate	Thyroid Hormone Receptor (TR-alpha)	Homo sapiens		 6300					7.2	22.00 C	Curated from the literature by BindingDB	10.1021/jm070556y	17918822			Arnold, LA; Kosinski, A; Estebanez-Perpina, E; Fletterick, RJ; Guy, RK	St. Jude Research Hospital	http://www.bindingdb.org/bind/chemsearch/marvin/MolStructure.jsp?monomerid=18819	http://www.bindingdb.org/jsp/dbsearch/PrimarySearch_ki.jsp?energyterm=kJ/mole&tag=pol&polymerid=1949&target=Thyroid+Hormone+Receptor+%28TR-alpha%29&column=ki&startPg=0&Increment=50&submit=Search	http://www.bindingdb.org/jsp/dbsearch/PrimarySearch_ki.jsp?energyterm=kJ/mole&tag=r21&monomerid=18819&enzyme=Thyroid+Hormone+Receptor+%28TR-alpha%29&column=ki&startPg=0&Increment=50&submit=Search			23635363	46518873						ZINC14968939	1	EEMIRSLQQRPEPTPEEWDLIHIATEAHRSTNAQGSHWKQRRKFLPDDIGQSPIVSMPDGDKVDLEAFSEFTKIITPAITRVVDFAKKLPMFSELPCEDQIILLKGCCMEIMSLRAAVRYDPESDTLTLSGEMAVKREQLKNGGLGVVSDAIFELGKSLSAFNLDDTEVALLQAVLLMSTDRSGLLCVDKIEKSQEAYLLAFEHYVNHRKHNIPHFWPKLLMKEREVQSSILYKGAAAEGRPGGSLGVHPEGQQLLGMHVVQV	1NAV,2H77,2H79,3HZF,3ILZ,3JZB,4LNW,4LNX										
33568	CCCCCCc1ccc(cc1)C(=O)CCN(CCCC)CCCC	InChI=1S/C23H39NO/c1-4-7-10-11-12-21-13-15-22(16-14-21)23(25)17-20-24(18-8-5-2)19-9-6-3/h13-16H,4-12,17-20H2,1-3H3	UMFRWWULZNWTFF-UHFFFAOYSA-N	18820	3-(dibutylamino)-1-(4-hexylphenyl)propan-1-one::beta-Aminophenylketone, 3g	Thyroid Hormone Receptor (TR-alpha)	Homo sapiens		 6900					7.2	22.00 C	Curated from the literature by BindingDB	10.1021/jm070556y	17918822			Arnold, LA; Kosinski, A; Estebanez-Perpina, E; Fletterick, RJ; Guy, RK	St. Jude Research Hospital	http://www.bindingdb.org/bind/chemsearch/marvin/MolStructure.jsp?monomerid=18820	http://www.bindingdb.org/jsp/dbsearch/PrimarySearch_ki.jsp?energyterm=kJ/mole&tag=pol&polymerid=1949&target=Thyroid+Hormone+Receptor+%28TR-alpha%29&column=ki&startPg=0&Increment=50&submit=Search	http://www.bindingdb.org/jsp/dbsearch/PrimarySearch_ki.jsp?energyterm=kJ/mole&tag=r21&monomerid=18820&enzyme=Thyroid+Hormone+Receptor+%28TR-alpha%29&column=ki&startPg=0&Increment=50&submit=Search			23635364	46518874						ZINC14968943	1	EEMIRSLQQRPEPTPEEWDLIHIATEAHRSTNAQGSHWKQRRKFLPDDIGQSPIVSMPDGDKVDLEAFSEFTKIITPAITRVVDFAKKLPMFSELPCEDQIILLKGCCMEIMSLRAAVRYDPESDTLTLSGEMAVKREQLKNGGLGVVSDAIFELGKSLSAFNLDDTEVALLQAVLLMSTDRSGLLCVDKIEKSQEAYLLAFEHYVNHRKHNIPHFWPKLLMKEREVQSSILYKGAAAEGRPGGSLGVHPEGQQLLGMHVVQV	1NAV,2H77,2H79,3HZF,3ILZ,3JZB,4LNW,4LNX										
33569	CCCCCCc1ccc(cc1)C(=O)CCN(C)C	InChI=1S/C17H27NO/c1-4-5-6-7-8-15-9-11-16(12-10-15)17(19)13-14-18(2)3/h9-12H,4-8,13-14H2,1-3H3	KDBREDBLOZXWHK-UHFFFAOYSA-N	18821	3-(dimethylamino)-1-(4-hexylphenyl)propan-1-one::beta-Aminophenylketone, 3h	Thyroid Hormone Receptor (TR-alpha)	Homo sapiens		 10600					7.2	22.00 C	Curated from the literature by BindingDB	10.1021/jm070556y	17918822			Arnold, LA; Kosinski, A; Estebanez-Perpina, E; Fletterick, RJ; Guy, RK	St. Jude Research Hospital	http://www.bindingdb.org/bind/chemsearch/marvin/MolStructure.jsp?monomerid=18821	http://www.bindingdb.org/jsp/dbsearch/PrimarySearch_ki.jsp?energyterm=kJ/mole&tag=pol&polymerid=1949&target=Thyroid+Hormone+Receptor+%28TR-alpha%29&column=ki&startPg=0&Increment=50&submit=Search	http://www.bindingdb.org/jsp/dbsearch/PrimarySearch_ki.jsp?energyterm=kJ/mole&tag=r21&monomerid=18821&enzyme=Thyroid+Hormone+Receptor+%28TR-alpha%29&column=ki&startPg=0&Increment=50&submit=Search			3092218	46518875						ZINC03065713	1	EEMIRSLQQRPEPTPEEWDLIHIATEAHRSTNAQGSHWKQRRKFLPDDIGQSPIVSMPDGDKVDLEAFSEFTKIITPAITRVVDFAKKLPMFSELPCEDQIILLKGCCMEIMSLRAAVRYDPESDTLTLSGEMAVKREQLKNGGLGVVSDAIFELGKSLSAFNLDDTEVALLQAVLLMSTDRSGLLCVDKIEKSQEAYLLAFEHYVNHRKHNIPHFWPKLLMKEREVQSSILYKGAAAEGRPGGSLGVHPEGQQLLGMHVVQV	1NAV,2H77,2H79,3HZF,3ILZ,3JZB,4LNW,4LNX										
33570	CCCCCCc1ccc(cc1)C(=O)CCN(C)Cc1ccco1	InChI=1S/C21H29NO2/c1-3-4-5-6-8-18-10-12-19(13-11-18)21(23)14-15-22(2)17-20-9-7-16-24-20/h7,9-13,16H,3-6,8,14-15,17H2,1-2H3	LSYGPUMMLSCEHD-UHFFFAOYSA-N	18822	3-[(furan-2-ylmethyl)(methyl)amino]-1-(4-hexylphenyl)propan-1-one::beta-Aminophenylketone, 3i	Thyroid Hormone Receptor (TR-alpha)	Homo sapiens		 22600					7.2	22.00 C	Curated from the literature by BindingDB	10.1021/jm070556y	17918822			Arnold, LA; Kosinski, A; Estebanez-Perpina, E; Fletterick, RJ; Guy, RK	St. Jude Research Hospital	http://www.bindingdb.org/bind/chemsearch/marvin/MolStructure.jsp?monomerid=18822	http://www.bindingdb.org/jsp/dbsearch/PrimarySearch_ki.jsp?energyterm=kJ/mole&tag=pol&polymerid=1949&target=Thyroid+Hormone+Receptor+%28TR-alpha%29&column=ki&startPg=0&Increment=50&submit=Search	http://www.bindingdb.org/jsp/dbsearch/PrimarySearch_ki.jsp?energyterm=kJ/mole&tag=r21&monomerid=18822&enzyme=Thyroid+Hormone+Receptor+%28TR-alpha%29&column=ki&startPg=0&Increment=50&submit=Search			23635365	46518876						ZINC14968947	1	EEMIRSLQQRPEPTPEEWDLIHIATEAHRSTNAQGSHWKQRRKFLPDDIGQSPIVSMPDGDKVDLEAFSEFTKIITPAITRVVDFAKKLPMFSELPCEDQIILLKGCCMEIMSLRAAVRYDPESDTLTLSGEMAVKREQLKNGGLGVVSDAIFELGKSLSAFNLDDTEVALLQAVLLMSTDRSGLLCVDKIEKSQEAYLLAFEHYVNHRKHNIPHFWPKLLMKEREVQSSILYKGAAAEGRPGGSLGVHPEGQQLLGMHVVQV	1NAV,2H77,2H79,3HZF,3ILZ,3JZB,4LNW,4LNX										
33571	CCCCCCc1ccc(cc1)C(=O)CCN(C1CCCCC1)C1CCCCC1	InChI=1S/C27H43NO/c1-2-3-4-7-12-23-17-19-24(20-18-23)27(29)21-22-28(25-13-8-5-9-14-25)26-15-10-6-11-16-26/h17-20,25-26H,2-16,21-22H2,1H3	FHPXVWCDHBUVJE-UHFFFAOYSA-N	18823	3-(dicyclohexylamino)-1-(4-hexylphenyl)propan-1-one::beta-Aminophenylketone, 3j	Thyroid Hormone Receptor (TR-alpha)	Homo sapiens		 16500					7.2	22.00 C	Curated from the literature by BindingDB	10.1021/jm070556y	17918822			Arnold, LA; Kosinski, A; Estebanez-Perpina, E; Fletterick, RJ; Guy, RK	St. Jude Research Hospital	http://www.bindingdb.org/bind/chemsearch/marvin/MolStructure.jsp?monomerid=18823	http://www.bindingdb.org/jsp/dbsearch/PrimarySearch_ki.jsp?energyterm=kJ/mole&tag=pol&polymerid=1949&target=Thyroid+Hormone+Receptor+%28TR-alpha%29&column=ki&startPg=0&Increment=50&submit=Search	http://www.bindingdb.org/jsp/dbsearch/PrimarySearch_ki.jsp?energyterm=kJ/mole&tag=r21&monomerid=18823&enzyme=Thyroid+Hormone+Receptor+%28TR-alpha%29&column=ki&startPg=0&Increment=50&submit=Search			23635366	46518877						ZINC14968951	1	EEMIRSLQQRPEPTPEEWDLIHIATEAHRSTNAQGSHWKQRRKFLPDDIGQSPIVSMPDGDKVDLEAFSEFTKIITPAITRVVDFAKKLPMFSELPCEDQIILLKGCCMEIMSLRAAVRYDPESDTLTLSGEMAVKREQLKNGGLGVVSDAIFELGKSLSAFNLDDTEVALLQAVLLMSTDRSGLLCVDKIEKSQEAYLLAFEHYVNHRKHNIPHFWPKLLMKEREVQSSILYKGAAAEGRPGGSLGVHPEGQQLLGMHVVQV	1NAV,2H77,2H79,3HZF,3ILZ,3JZB,4LNW,4LNX										
33572	CCCCCCc1ccc(cc1)C(=O)CCNCCC	InChI=1S/C18H29NO/c1-3-5-6-7-8-16-9-11-17(12-10-16)18(20)13-15-19-14-4-2/h9-12,19H,3-8,13-15H2,1-2H3	IHAKHGFZWJHPER-UHFFFAOYSA-N	18824	1-(4-hexylphenyl)-3-(propylamino)propan-1-one::beta-Aminophenylketone, 3k	Thyroid Hormone Receptor (TR-alpha)	Homo sapiens		 25800					7.2	22.00 C	Curated from the literature by BindingDB	10.1021/jm070556y	17918822			Arnold, LA; Kosinski, A; Estebanez-Perpina, E; Fletterick, RJ; Guy, RK	St. Jude Research Hospital	http://www.bindingdb.org/bind/chemsearch/marvin/MolStructure.jsp?monomerid=18824	http://www.bindingdb.org/jsp/dbsearch/PrimarySearch_ki.jsp?energyterm=kJ/mole&tag=pol&polymerid=1949&target=Thyroid+Hormone+Receptor+%28TR-alpha%29&column=ki&startPg=0&Increment=50&submit=Search	http://www.bindingdb.org/jsp/dbsearch/PrimarySearch_ki.jsp?energyterm=kJ/mole&tag=r21&monomerid=18824&enzyme=Thyroid+Hormone+Receptor+%28TR-alpha%29&column=ki&startPg=0&Increment=50&submit=Search			23635367	46518878						ZINC14968954	1	EEMIRSLQQRPEPTPEEWDLIHIATEAHRSTNAQGSHWKQRRKFLPDDIGQSPIVSMPDGDKVDLEAFSEFTKIITPAITRVVDFAKKLPMFSELPCEDQIILLKGCCMEIMSLRAAVRYDPESDTLTLSGEMAVKREQLKNGGLGVVSDAIFELGKSLSAFNLDDTEVALLQAVLLMSTDRSGLLCVDKIEKSQEAYLLAFEHYVNHRKHNIPHFWPKLLMKEREVQSSILYKGAAAEGRPGGSLGVHPEGQQLLGMHVVQV	1NAV,2H77,2H79,3HZF,3ILZ,3JZB,4LNW,4LNX										
33573	CCCCCCc1ccc(cc1)C(=O)C=C	InChI=1S/C15H20O/c1-3-5-6-7-8-13-9-11-14(12-10-13)15(16)4-2/h4,9-12H,2-3,5-8H2,1H3	IINHTEWASPUCMH-UHFFFAOYSA-N	18825	1-(4-hexylphenyl)prop-2-en-1-one::Enone, 1	Thyroid Hormone Receptor (TR-alpha)	Homo sapiens		 28100					7.2	22.00 C	Curated from the literature by BindingDB	10.1021/jm070556y	17918822			Arnold, LA; Kosinski, A; Estebanez-Perpina, E; Fletterick, RJ; Guy, RK	St. Jude Research Hospital	http://www.bindingdb.org/bind/chemsearch/marvin/MolStructure.jsp?monomerid=18825	http://www.bindingdb.org/jsp/dbsearch/PrimarySearch_ki.jsp?energyterm=kJ/mole&tag=pol&polymerid=1949&target=Thyroid+Hormone+Receptor+%28TR-alpha%29&column=ki&startPg=0&Increment=50&submit=Search	http://www.bindingdb.org/jsp/dbsearch/PrimarySearch_ki.jsp?energyterm=kJ/mole&tag=r21&monomerid=18825&enzyme=Thyroid+Hormone+Receptor+%28TR-alpha%29&column=ki&startPg=0&Increment=50&submit=Search	LEG	2PIN	14899645	46518879			DB08085			ZINC13829389	1	EEMIRSLQQRPEPTPEEWDLIHIATEAHRSTNAQGSHWKQRRKFLPDDIGQSPIVSMPDGDKVDLEAFSEFTKIITPAITRVVDFAKKLPMFSELPCEDQIILLKGCCMEIMSLRAAVRYDPESDTLTLSGEMAVKREQLKNGGLGVVSDAIFELGKSLSAFNLDDTEVALLQAVLLMSTDRSGLLCVDKIEKSQEAYLLAFEHYVNHRKHNIPHFWPKLLMKEREVQSSILYKGAAAEGRPGGSLGVHPEGQQLLGMHVVQV	1NAV,2H77,2H79,3HZF,3ILZ,3JZB,4LNW,4LNX										
33574	CCCCCCc1ccc(cc1)C(=O)\C=C\C(O)=O	InChI=1S/C16H20O3/c1-2-3-4-5-6-13-7-9-14(10-8-13)15(17)11-12-16(18)19/h7-12H,2-6H2,1H3,(H,18,19)/b12-11+	HKEVTQICMJNUNY-VAWYXSNFSA-N	18826	(2E)-4-(4-hexylphenyl)-4-oxobut-2-enoic acid::Enone, 4a	Thyroid Hormone Receptor (TR-alpha)	Homo sapiens		 19200					7.2	22.00 C	Curated from the literature by BindingDB	10.1021/jm070556y	17918822			Arnold, LA; Kosinski, A; Estebanez-Perpina, E; Fletterick, RJ; Guy, RK	St. Jude Research Hospital	http://www.bindingdb.org/bind/chemsearch/marvin/MolStructure.jsp?monomerid=18826	http://www.bindingdb.org/jsp/dbsearch/PrimarySearch_ki.jsp?energyterm=kJ/mole&tag=pol&polymerid=1949&target=Thyroid+Hormone+Receptor+%28TR-alpha%29&column=ki&startPg=0&Increment=50&submit=Search	http://www.bindingdb.org/jsp/dbsearch/PrimarySearch_ki.jsp?energyterm=kJ/mole&tag=r21&monomerid=18826&enzyme=Thyroid+Hormone+Receptor+%28TR-alpha%29&column=ki&startPg=0&Increment=50&submit=Search			19757576	46518880						ZINC14968958	1	EEMIRSLQQRPEPTPEEWDLIHIATEAHRSTNAQGSHWKQRRKFLPDDIGQSPIVSMPDGDKVDLEAFSEFTKIITPAITRVVDFAKKLPMFSELPCEDQIILLKGCCMEIMSLRAAVRYDPESDTLTLSGEMAVKREQLKNGGLGVVSDAIFELGKSLSAFNLDDTEVALLQAVLLMSTDRSGLLCVDKIEKSQEAYLLAFEHYVNHRKHNIPHFWPKLLMKEREVQSSILYKGAAAEGRPGGSLGVHPEGQQLLGMHVVQV	1NAV,2H77,2H79,3HZF,3ILZ,3JZB,4LNW,4LNX										
33575	CCCCCCCc1ccc(cc1)C(=O)C=CC	InChI=1S/C17H24O/c1-3-5-6-7-8-10-15-11-13-16(14-12-15)17(18)9-4-2/h4,9,11-14H,3,5-8,10H2,1-2H3	LCSOCUYXJADQCV-UHFFFAOYSA-N	18827	(2E)-1-(4-heptylphenyl)but-2-en-1-one::Enone, 4b	Thyroid Hormone Receptor (TR-alpha)	Homo sapiens		 18900					7.2	22.00 C	Curated from the literature by BindingDB	10.1021/jm070556y	17918822			Arnold, LA; Kosinski, A; Estebanez-Perpina, E; Fletterick, RJ; Guy, RK	St. Jude Research Hospital	http://www.bindingdb.org/bind/chemsearch/marvin/MolStructure.jsp?monomerid=18827	http://www.bindingdb.org/jsp/dbsearch/PrimarySearch_ki.jsp?energyterm=kJ/mole&tag=pol&polymerid=1949&target=Thyroid+Hormone+Receptor+%28TR-alpha%29&column=ki&startPg=0&Increment=50&submit=Search	http://www.bindingdb.org/jsp/dbsearch/PrimarySearch_ki.jsp?energyterm=kJ/mole&tag=r21&monomerid=18827&enzyme=Thyroid+Hormone+Receptor+%28TR-alpha%29&column=ki&startPg=0&Increment=50&submit=Search			23635476	46518881						ZINC14968962	1	EEMIRSLQQRPEPTPEEWDLIHIATEAHRSTNAQGSHWKQRRKFLPDDIGQSPIVSMPDGDKVDLEAFSEFTKIITPAITRVVDFAKKLPMFSELPCEDQIILLKGCCMEIMSLRAAVRYDPESDTLTLSGEMAVKREQLKNGGLGVVSDAIFELGKSLSAFNLDDTEVALLQAVLLMSTDRSGLLCVDKIEKSQEAYLLAFEHYVNHRKHNIPHFWPKLLMKEREVQSSILYKGAAAEGRPGGSLGVHPEGQQLLGMHVVQV	1NAV,2H77,2H79,3HZF,3ILZ,3JZB,4LNW,4LNX										
33576	CCCCCCCc1ccc(cc1)C(=O)C(C)=C	InChI=1S/C17H24O/c1-4-5-6-7-8-9-15-10-12-16(13-11-15)17(18)14(2)3/h10-13H,2,4-9H2,1,3H3	LFTHMBBMKKTEDY-UHFFFAOYSA-N	18828	1-(4-heptylphenyl)-2-methylprop-2-en-1-one::Enone, 4c	Thyroid Hormone Receptor (TR-alpha)	Homo sapiens		 52900					7.2	22.00 C	Curated from the literature by BindingDB	10.1021/jm070556y	17918822			Arnold, LA; Kosinski, A; Estebanez-Perpina, E; Fletterick, RJ; Guy, RK	St. Jude Research Hospital	http://www.bindingdb.org/bind/chemsearch/marvin/MolStructure.jsp?monomerid=18828	http://www.bindingdb.org/jsp/dbsearch/PrimarySearch_ki.jsp?energyterm=kJ/mole&tag=pol&polymerid=1949&target=Thyroid+Hormone+Receptor+%28TR-alpha%29&column=ki&startPg=0&Increment=50&submit=Search	http://www.bindingdb.org/jsp/dbsearch/PrimarySearch_ki.jsp?energyterm=kJ/mole&tag=r21&monomerid=18828&enzyme=Thyroid+Hormone+Receptor+%28TR-alpha%29&column=ki&startPg=0&Increment=50&submit=Search			23635477	46518882						ZINC14968966	1	EEMIRSLQQRPEPTPEEWDLIHIATEAHRSTNAQGSHWKQRRKFLPDDIGQSPIVSMPDGDKVDLEAFSEFTKIITPAITRVVDFAKKLPMFSELPCEDQIILLKGCCMEIMSLRAAVRYDPESDTLTLSGEMAVKREQLKNGGLGVVSDAIFELGKSLSAFNLDDTEVALLQAVLLMSTDRSGLLCVDKIEKSQEAYLLAFEHYVNHRKHNIPHFWPKLLMKEREVQSSILYKGAAAEGRPGGSLGVHPEGQQLLGMHVVQV	1NAV,2H77,2H79,3HZF,3ILZ,3JZB,4LNW,4LNX										
33577	CCCCCCCc1ccc(cc1)C(=O)C=C(C)C	InChI=1S/C18H26O/c1-4-5-6-7-8-9-16-10-12-17(13-11-16)18(19)14-15(2)3/h10-14H,4-9H2,1-3H3	WERWZTKWQBWAQH-UHFFFAOYSA-N	18829	1-(4-heptylphenyl)-3-methylbut-2-en-1-one::Enone, 4d	Thyroid Hormone Receptor (TR-alpha)	Homo sapiens		>100000					7.2	22.00 C	Curated from the literature by BindingDB	10.1021/jm070556y	17918822			Arnold, LA; Kosinski, A; Estebanez-Perpina, E; Fletterick, RJ; Guy, RK	St. Jude Research Hospital	http://www.bindingdb.org/bind/chemsearch/marvin/MolStructure.jsp?monomerid=18829	http://www.bindingdb.org/jsp/dbsearch/PrimarySearch_ki.jsp?energyterm=kJ/mole&tag=pol&polymerid=1949&target=Thyroid+Hormone+Receptor+%28TR-alpha%29&column=ki&startPg=0&Increment=50&submit=Search	http://www.bindingdb.org/jsp/dbsearch/PrimarySearch_ki.jsp?energyterm=kJ/mole&tag=r21&monomerid=18829&enzyme=Thyroid+Hormone+Receptor+%28TR-alpha%29&column=ki&startPg=0&Increment=50&submit=Search			23635478	46518883						ZINC14968970	1	EEMIRSLQQRPEPTPEEWDLIHIATEAHRSTNAQGSHWKQRRKFLPDDIGQSPIVSMPDGDKVDLEAFSEFTKIITPAITRVVDFAKKLPMFSELPCEDQIILLKGCCMEIMSLRAAVRYDPESDTLTLSGEMAVKREQLKNGGLGVVSDAIFELGKSLSAFNLDDTEVALLQAVLLMSTDRSGLLCVDKIEKSQEAYLLAFEHYVNHRKHNIPHFWPKLLMKEREVQSSILYKGAAAEGRPGGSLGVHPEGQQLLGMHVVQV	1NAV,2H77,2H79,3HZF,3ILZ,3JZB,4LNW,4LNX										
33578	CCCCCCCc1ccc(cc1)C(=O)C(C)=CC	InChI=1S/C18H26O/c1-4-6-7-8-9-10-16-11-13-17(14-12-16)18(19)15(3)5-2/h5,11-14H,4,6-10H2,1-3H3	SURNDRIKMMAISD-UHFFFAOYSA-N	18830	(2E)-1-(4-heptylphenyl)-2-methylbut-2-en-1-one::Enone, 4e	Thyroid Hormone Receptor (TR-alpha)	Homo sapiens		>100000					7.2	22.00 C	Curated from the literature by BindingDB	10.1021/jm070556y	17918822			Arnold, LA; Kosinski, A; Estebanez-Perpina, E; Fletterick, RJ; Guy, RK	St. Jude Research Hospital	http://www.bindingdb.org/bind/chemsearch/marvin/MolStructure.jsp?monomerid=18830	http://www.bindingdb.org/jsp/dbsearch/PrimarySearch_ki.jsp?energyterm=kJ/mole&tag=pol&polymerid=1949&target=Thyroid+Hormone+Receptor+%28TR-alpha%29&column=ki&startPg=0&Increment=50&submit=Search	http://www.bindingdb.org/jsp/dbsearch/PrimarySearch_ki.jsp?energyterm=kJ/mole&tag=r21&monomerid=18830&enzyme=Thyroid+Hormone+Receptor+%28TR-alpha%29&column=ki&startPg=0&Increment=50&submit=Search			23635479	46518884						ZINC14968974	1	EEMIRSLQQRPEPTPEEWDLIHIATEAHRSTNAQGSHWKQRRKFLPDDIGQSPIVSMPDGDKVDLEAFSEFTKIITPAITRVVDFAKKLPMFSELPCEDQIILLKGCCMEIMSLRAAVRYDPESDTLTLSGEMAVKREQLKNGGLGVVSDAIFELGKSLSAFNLDDTEVALLQAVLLMSTDRSGLLCVDKIEKSQEAYLLAFEHYVNHRKHNIPHFWPKLLMKEREVQSSILYKGAAAEGRPGGSLGVHPEGQQLLGMHVVQV	1NAV,2H77,2H79,3HZF,3ILZ,3JZB,4LNW,4LNX										
33579	CCCCCCCc1ccc(cc1)C(=O)\C=C\c1ccccc1	InChI=1S/C22H26O/c1-2-3-4-5-7-12-20-13-16-21(17-14-20)22(23)18-15-19-10-8-6-9-11-19/h6,8-11,13-18H,2-5,7,12H2,1H3/b18-15+	IYQXHSFSCRDACY-OBGWFSINSA-N	18831	(2E)-1-(4-heptylphenyl)-3-phenylprop-2-en-1-one::Enone, 4f	Thyroid Hormone Receptor (TR-alpha)	Homo sapiens		>100000					7.2	22.00 C	Curated from the literature by BindingDB	10.1021/jm070556y	17918822			Arnold, LA; Kosinski, A; Estebanez-Perpina, E; Fletterick, RJ; Guy, RK	St. Jude Research Hospital	http://www.bindingdb.org/bind/chemsearch/marvin/MolStructure.jsp?monomerid=18831	http://www.bindingdb.org/jsp/dbsearch/PrimarySearch_ki.jsp?energyterm=kJ/mole&tag=pol&polymerid=1949&target=Thyroid+Hormone+Receptor+%28TR-alpha%29&column=ki&startPg=0&Increment=50&submit=Search	http://www.bindingdb.org/jsp/dbsearch/PrimarySearch_ki.jsp?energyterm=kJ/mole&tag=r21&monomerid=18831&enzyme=Thyroid+Hormone+Receptor+%28TR-alpha%29&column=ki&startPg=0&Increment=50&submit=Search			23635480	46518885						ZINC14968978	1	EEMIRSLQQRPEPTPEEWDLIHIATEAHRSTNAQGSHWKQRRKFLPDDIGQSPIVSMPDGDKVDLEAFSEFTKIITPAITRVVDFAKKLPMFSELPCEDQIILLKGCCMEIMSLRAAVRYDPESDTLTLSGEMAVKREQLKNGGLGVVSDAIFELGKSLSAFNLDDTEVALLQAVLLMSTDRSGLLCVDKIEKSQEAYLLAFEHYVNHRKHNIPHFWPKLLMKEREVQSSILYKGAAAEGRPGGSLGVHPEGQQLLGMHVVQV	1NAV,2H77,2H79,3HZF,3ILZ,3JZB,4LNW,4LNX										
33580	CCCCCCc1ccc(cc1)C(=O)CC	InChI=1S/C15H22O/c1-3-5-6-7-8-13-9-11-14(12-10-13)15(16)4-2/h9-12H,3-8H2,1-2H3	NRSLKKPSVPOIBM-UHFFFAOYSA-N	18832	1-(4-hexylphenyl)propan-1-one::Enone, 4g	Thyroid Hormone Receptor (TR-alpha)	Homo sapiens		>100000					7.2	22.00 C	Curated from the literature by BindingDB	10.1021/jm070556y	17918822			Arnold, LA; Kosinski, A; Estebanez-Perpina, E; Fletterick, RJ; Guy, RK	St. Jude Research Hospital	http://www.bindingdb.org/bind/chemsearch/marvin/MolStructure.jsp?monomerid=18832	http://www.bindingdb.org/jsp/dbsearch/PrimarySearch_ki.jsp?energyterm=kJ/mole&tag=pol&polymerid=1949&target=Thyroid+Hormone+Receptor+%28TR-alpha%29&column=ki&startPg=0&Increment=50&submit=Search	http://www.bindingdb.org/jsp/dbsearch/PrimarySearch_ki.jsp?energyterm=kJ/mole&tag=r21&monomerid=18832&enzyme=Thyroid+Hormone+Receptor+%28TR-alpha%29&column=ki&startPg=0&Increment=50&submit=Search			4652254	46518886						ZINC05418512	1	EEMIRSLQQRPEPTPEEWDLIHIATEAHRSTNAQGSHWKQRRKFLPDDIGQSPIVSMPDGDKVDLEAFSEFTKIITPAITRVVDFAKKLPMFSELPCEDQIILLKGCCMEIMSLRAAVRYDPESDTLTLSGEMAVKREQLKNGGLGVVSDAIFELGKSLSAFNLDDTEVALLQAVLLMSTDRSGLLCVDKIEKSQEAYLLAFEHYVNHRKHNIPHFWPKLLMKEREVQSSILYKGAAAEGRPGGSLGVHPEGQQLLGMHVVQV	1NAV,2H77,2H79,3HZF,3ILZ,3JZB,4LNW,4LNX										
33581	CCCc1ccc(OC(=O)C=C)cc1	InChI=1S/C12H14O2/c1-3-5-10-6-8-11(9-7-10)14-12(13)4-2/h4,6-9H,2-3,5H2,1H3	UCAXSSLSIVOWFR-UHFFFAOYSA-N	18833	4-propylphenyl prop-2-enoate::Substituted Acrylate, 6a	Thyroid Hormone Receptor (TR-alpha)	Homo sapiens		>100000					7.2	22.00 C	Curated from the literature by BindingDB	10.1021/jm070556y	17918822			Arnold, LA; Kosinski, A; Estebanez-Perpina, E; Fletterick, RJ; Guy, RK	St. Jude Research Hospital	http://www.bindingdb.org/bind/chemsearch/marvin/MolStructure.jsp?monomerid=18833	http://www.bindingdb.org/jsp/dbsearch/PrimarySearch_ki.jsp?energyterm=kJ/mole&tag=pol&polymerid=1949&target=Thyroid+Hormone+Receptor+%28TR-alpha%29&column=ki&startPg=0&Increment=50&submit=Search	http://www.bindingdb.org/jsp/dbsearch/PrimarySearch_ki.jsp?energyterm=kJ/mole&tag=r21&monomerid=18833&enzyme=Thyroid+Hormone+Receptor+%28TR-alpha%29&column=ki&startPg=0&Increment=50&submit=Search			22372339	46509620						ZINC14968982	1	EEMIRSLQQRPEPTPEEWDLIHIATEAHRSTNAQGSHWKQRRKFLPDDIGQSPIVSMPDGDKVDLEAFSEFTKIITPAITRVVDFAKKLPMFSELPCEDQIILLKGCCMEIMSLRAAVRYDPESDTLTLSGEMAVKREQLKNGGLGVVSDAIFELGKSLSAFNLDDTEVALLQAVLLMSTDRSGLLCVDKIEKSQEAYLLAFEHYVNHRKHNIPHFWPKLLMKEREVQSSILYKGAAAEGRPGGSLGVHPEGQQLLGMHVVQV	1NAV,2H77,2H79,3HZF,3ILZ,3JZB,4LNW,4LNX										
33582	CCCCc1ccc(OC(=O)C=C)cc1	InChI=1S/C13H16O2/c1-3-5-6-11-7-9-12(10-8-11)15-13(14)4-2/h4,7-10H,2-3,5-6H2,1H3	KAKXARUWYFOIBF-UHFFFAOYSA-N	18834	4-butylphenyl prop-2-enoate::Substituted Acrylate, 6b	Thyroid Hormone Receptor (TR-alpha)	Homo sapiens		 71000					7.2	22.00 C	Curated from the literature by BindingDB	10.1021/jm070556y	17918822			Arnold, LA; Kosinski, A; Estebanez-Perpina, E; Fletterick, RJ; Guy, RK	St. Jude Research Hospital	http://www.bindingdb.org/bind/chemsearch/marvin/MolStructure.jsp?monomerid=18834	http://www.bindingdb.org/jsp/dbsearch/PrimarySearch_ki.jsp?energyterm=kJ/mole&tag=pol&polymerid=1949&target=Thyroid+Hormone+Receptor+%28TR-alpha%29&column=ki&startPg=0&Increment=50&submit=Search	http://www.bindingdb.org/jsp/dbsearch/PrimarySearch_ki.jsp?energyterm=kJ/mole&tag=r21&monomerid=18834&enzyme=Thyroid+Hormone+Receptor+%28TR-alpha%29&column=ki&startPg=0&Increment=50&submit=Search			23635599	46518887						ZINC14968985	1	EEMIRSLQQRPEPTPEEWDLIHIATEAHRSTNAQGSHWKQRRKFLPDDIGQSPIVSMPDGDKVDLEAFSEFTKIITPAITRVVDFAKKLPMFSELPCEDQIILLKGCCMEIMSLRAAVRYDPESDTLTLSGEMAVKREQLKNGGLGVVSDAIFELGKSLSAFNLDDTEVALLQAVLLMSTDRSGLLCVDKIEKSQEAYLLAFEHYVNHRKHNIPHFWPKLLMKEREVQSSILYKGAAAEGRPGGSLGVHPEGQQLLGMHVVQV	1NAV,2H77,2H79,3HZF,3ILZ,3JZB,4LNW,4LNX										
33583	CCCCCc1ccc(OC(=O)C=C)cc1	InChI=1S/C14H18O2/c1-3-5-6-7-12-8-10-13(11-9-12)16-14(15)4-2/h4,8-11H,2-3,5-7H2,1H3	SJJQAOSPHOBWOG-UHFFFAOYSA-N	18835	4-pentylphenyl prop-2-enoate::Substituted Acrylate, 6c	Thyroid Hormone Receptor (TR-alpha)	Homo sapiens		 60900					7.2	22.00 C	Curated from the literature by BindingDB	10.1021/jm070556y	17918822			Arnold, LA; Kosinski, A; Estebanez-Perpina, E; Fletterick, RJ; Guy, RK	St. Jude Research Hospital	http://www.bindingdb.org/bind/chemsearch/marvin/MolStructure.jsp?monomerid=18835	http://www.bindingdb.org/jsp/dbsearch/PrimarySearch_ki.jsp?energyterm=kJ/mole&tag=pol&polymerid=1949&target=Thyroid+Hormone+Receptor+%28TR-alpha%29&column=ki&startPg=0&Increment=50&submit=Search	http://www.bindingdb.org/jsp/dbsearch/PrimarySearch_ki.jsp?energyterm=kJ/mole&tag=r21&monomerid=18835&enzyme=Thyroid+Hormone+Receptor+%28TR-alpha%29&column=ki&startPg=0&Increment=50&submit=Search			23635600	46518888						ZINC14968989	1	EEMIRSLQQRPEPTPEEWDLIHIATEAHRSTNAQGSHWKQRRKFLPDDIGQSPIVSMPDGDKVDLEAFSEFTKIITPAITRVVDFAKKLPMFSELPCEDQIILLKGCCMEIMSLRAAVRYDPESDTLTLSGEMAVKREQLKNGGLGVVSDAIFELGKSLSAFNLDDTEVALLQAVLLMSTDRSGLLCVDKIEKSQEAYLLAFEHYVNHRKHNIPHFWPKLLMKEREVQSSILYKGAAAEGRPGGSLGVHPEGQQLLGMHVVQV	1NAV,2H77,2H79,3HZF,3ILZ,3JZB,4LNW,4LNX										
33584	CCC(C)(C)c1ccc(OC(=O)C=C)cc1	InChI=1S/C14H18O2/c1-5-13(15)16-12-9-7-11(8-10-12)14(3,4)6-2/h5,7-10H,1,6H2,2-4H3	YJNVZFRESYAKPQ-UHFFFAOYSA-N	18836	4-(2-methylbutan-2-yl)phenyl prop-2-enoate::Substituted Acrylate, 6d	Thyroid Hormone Receptor (TR-alpha)	Homo sapiens		 69600					7.2	22.00 C	Curated from the literature by BindingDB	10.1021/jm070556y	17918822			Arnold, LA; Kosinski, A; Estebanez-Perpina, E; Fletterick, RJ; Guy, RK	St. Jude Research Hospital	http://www.bindingdb.org/bind/chemsearch/marvin/MolStructure.jsp?monomerid=18836	http://www.bindingdb.org/jsp/dbsearch/PrimarySearch_ki.jsp?energyterm=kJ/mole&tag=pol&polymerid=1949&target=Thyroid+Hormone+Receptor+%28TR-alpha%29&column=ki&startPg=0&Increment=50&submit=Search	http://www.bindingdb.org/jsp/dbsearch/PrimarySearch_ki.jsp?energyterm=kJ/mole&tag=r21&monomerid=18836&enzyme=Thyroid+Hormone+Receptor+%28TR-alpha%29&column=ki&startPg=0&Increment=50&submit=Search			21318160	46518889						ZINC14968993	1	EEMIRSLQQRPEPTPEEWDLIHIATEAHRSTNAQGSHWKQRRKFLPDDIGQSPIVSMPDGDKVDLEAFSEFTKIITPAITRVVDFAKKLPMFSELPCEDQIILLKGCCMEIMSLRAAVRYDPESDTLTLSGEMAVKREQLKNGGLGVVSDAIFELGKSLSAFNLDDTEVALLQAVLLMSTDRSGLLCVDKIEKSQEAYLLAFEHYVNHRKHNIPHFWPKLLMKEREVQSSILYKGAAAEGRPGGSLGVHPEGQQLLGMHVVQV	1NAV,2H77,2H79,3HZF,3ILZ,3JZB,4LNW,4LNX										
33585	CCCCCCc1ccc(OC(=O)C=C)cc1	InChI=1S/C15H20O2/c1-3-5-6-7-8-13-9-11-14(12-10-13)17-15(16)4-2/h4,9-12H,2-3,5-8H2,1H3	PDXYDPKVADBIMM-UHFFFAOYSA-N	18837	4-hexylphenyl prop-2-enoate::Substituted Acrylate, 6e	Thyroid Hormone Receptor (TR-alpha)	Homo sapiens		 45200							Curated from the literature by BindingDB	10.1021/jm070556y	17918822			Arnold, LA; Kosinski, A; Estebanez-Perpina, E; Fletterick, RJ; Guy, RK	St. Jude Research Hospital	http://www.bindingdb.org/bind/chemsearch/marvin/MolStructure.jsp?monomerid=18837	http://www.bindingdb.org/jsp/dbsearch/PrimarySearch_ki.jsp?energyterm=kJ/mole&tag=pol&polymerid=1949&target=Thyroid+Hormone+Receptor+%28TR-alpha%29&column=ki&startPg=0&Increment=50&submit=Search	http://www.bindingdb.org/jsp/dbsearch/PrimarySearch_ki.jsp?energyterm=kJ/mole&tag=r21&monomerid=18837&enzyme=Thyroid+Hormone+Receptor+%28TR-alpha%29&column=ki&startPg=0&Increment=50&submit=Search			23635601	46518890						ZINC14968995	1	EEMIRSLQQRPEPTPEEWDLIHIATEAHRSTNAQGSHWKQRRKFLPDDIGQSPIVSMPDGDKVDLEAFSEFTKIITPAITRVVDFAKKLPMFSELPCEDQIILLKGCCMEIMSLRAAVRYDPESDTLTLSGEMAVKREQLKNGGLGVVSDAIFELGKSLSAFNLDDTEVALLQAVLLMSTDRSGLLCVDKIEKSQEAYLLAFEHYVNHRKHNIPHFWPKLLMKEREVQSSILYKGAAAEGRPGGSLGVHPEGQQLLGMHVVQV	1NAV,2H77,2H79,3HZF,3ILZ,3JZB,4LNW,4LNX										
33586	CCCCCCCc1ccc(OC(=O)C=C)cc1	InChI=1S/C16H22O2/c1-3-5-6-7-8-9-14-10-12-15(13-11-14)18-16(17)4-2/h4,10-13H,2-3,5-9H2,1H3	ICRSTIJMYJNGCE-UHFFFAOYSA-N	18838	4-heptylphenyl prop-2-enoate::Substituted Acrylate, 6f	Thyroid Hormone Receptor (TR-alpha)	Homo sapiens		 23000							Curated from the literature by BindingDB	10.1021/jm070556y	17918822			Arnold, LA; Kosinski, A; Estebanez-Perpina, E; Fletterick, RJ; Guy, RK	St. Jude Research Hospital	http://www.bindingdb.org/bind/chemsearch/marvin/MolStructure.jsp?monomerid=18838	http://www.bindingdb.org/jsp/dbsearch/PrimarySearch_ki.jsp?energyterm=kJ/mole&tag=pol&polymerid=1949&target=Thyroid+Hormone+Receptor+%28TR-alpha%29&column=ki&startPg=0&Increment=50&submit=Search	http://www.bindingdb.org/jsp/dbsearch/PrimarySearch_ki.jsp?energyterm=kJ/mole&tag=r21&monomerid=18838&enzyme=Thyroid+Hormone+Receptor+%28TR-alpha%29&column=ki&startPg=0&Increment=50&submit=Search			23635602	46518891						ZINC14968997	1	EEMIRSLQQRPEPTPEEWDLIHIATEAHRSTNAQGSHWKQRRKFLPDDIGQSPIVSMPDGDKVDLEAFSEFTKIITPAITRVVDFAKKLPMFSELPCEDQIILLKGCCMEIMSLRAAVRYDPESDTLTLSGEMAVKREQLKNGGLGVVSDAIFELGKSLSAFNLDDTEVALLQAVLLMSTDRSGLLCVDKIEKSQEAYLLAFEHYVNHRKHNIPHFWPKLLMKEREVQSSILYKGAAAEGRPGGSLGVHPEGQQLLGMHVVQV	1NAV,2H77,2H79,3HZF,3ILZ,3JZB,4LNW,4LNX										
33587	CCCCCCCCc1ccc(OC(=O)C=C)cc1	InChI=1S/C17H24O2/c1-3-5-6-7-8-9-10-15-11-13-16(14-12-15)19-17(18)4-2/h4,11-14H,2-3,5-10H2,1H3	WSXAWOHRADJXCB-UHFFFAOYSA-N	18839	4-octylphenyl prop-2-enoate::Substituted Acrylate, 6g	Thyroid Hormone Receptor (TR-alpha)	Homo sapiens		 21400							Curated from the literature by BindingDB	10.1021/jm070556y	17918822			Arnold, LA; Kosinski, A; Estebanez-Perpina, E; Fletterick, RJ; Guy, RK	St. Jude Research Hospital	http://www.bindingdb.org/bind/chemsearch/marvin/MolStructure.jsp?monomerid=18839	http://www.bindingdb.org/jsp/dbsearch/PrimarySearch_ki.jsp?energyterm=kJ/mole&tag=pol&polymerid=1949&target=Thyroid+Hormone+Receptor+%28TR-alpha%29&column=ki&startPg=0&Increment=50&submit=Search	http://www.bindingdb.org/jsp/dbsearch/PrimarySearch_ki.jsp?energyterm=kJ/mole&tag=r21&monomerid=18839&enzyme=Thyroid+Hormone+Receptor+%28TR-alpha%29&column=ki&startPg=0&Increment=50&submit=Search			23635603	46518892						ZINC14969001	1	EEMIRSLQQRPEPTPEEWDLIHIATEAHRSTNAQGSHWKQRRKFLPDDIGQSPIVSMPDGDKVDLEAFSEFTKIITPAITRVVDFAKKLPMFSELPCEDQIILLKGCCMEIMSLRAAVRYDPESDTLTLSGEMAVKREQLKNGGLGVVSDAIFELGKSLSAFNLDDTEVALLQAVLLMSTDRSGLLCVDKIEKSQEAYLLAFEHYVNHRKHNIPHFWPKLLMKEREVQSSILYKGAAAEGRPGGSLGVHPEGQQLLGMHVVQV	1NAV,2H77,2H79,3HZF,3ILZ,3JZB,4LNW,4LNX										
33588	CCC(C)(C)C1CCC(CC1)OC(=O)C=C	InChI=1S/C14H24O2/c1-5-13(15)16-12-9-7-11(8-10-12)14(3,4)6-2/h5,11-12H,1,6-10H2,2-4H3	HESNSGBXJPYQTD-UHFFFAOYSA-N	18840	4-(2-methylbutan-2-yl)cyclohexyl prop-2-enoate::Substituted Acrylate, 6h	Thyroid Hormone Receptor (TR-alpha)	Homo sapiens		 75600							Curated from the literature by BindingDB	10.1021/jm070556y	17918822			Arnold, LA; Kosinski, A; Estebanez-Perpina, E; Fletterick, RJ; Guy, RK	St. Jude Research Hospital	http://www.bindingdb.org/bind/chemsearch/marvin/MolStructure.jsp?monomerid=18840	http://www.bindingdb.org/jsp/dbsearch/PrimarySearch_ki.jsp?energyterm=kJ/mole&tag=pol&polymerid=1949&target=Thyroid+Hormone+Receptor+%28TR-alpha%29&column=ki&startPg=0&Increment=50&submit=Search	http://www.bindingdb.org/jsp/dbsearch/PrimarySearch_ki.jsp?energyterm=kJ/mole&tag=r21&monomerid=18840&enzyme=Thyroid+Hormone+Receptor+%28TR-alpha%29&column=ki&startPg=0&Increment=50&submit=Search			223953	46518893						ZINC01871178	1	EEMIRSLQQRPEPTPEEWDLIHIATEAHRSTNAQGSHWKQRRKFLPDDIGQSPIVSMPDGDKVDLEAFSEFTKIITPAITRVVDFAKKLPMFSELPCEDQIILLKGCCMEIMSLRAAVRYDPESDTLTLSGEMAVKREQLKNGGLGVVSDAIFELGKSLSAFNLDDTEVALLQAVLLMSTDRSGLLCVDKIEKSQEAYLLAFEHYVNHRKHNIPHFWPKLLMKEREVQSSILYKGAAAEGRPGGSLGVHPEGQQLLGMHVVQV	1NAV,2H77,2H79,3HZF,3ILZ,3JZB,4LNW,4LNX										
33589	CCCOC(=O)c1ccc(OC(=O)C=C)cc1	InChI=1S/C13H14O4/c1-3-9-16-13(15)10-5-7-11(8-6-10)17-12(14)4-2/h4-8H,2-3,9H2,1H3	CYNCOZVAZDIBKD-UHFFFAOYSA-N	18841	Substituted Acrylate, 6i::propyl 4-(prop-2-enoyloxy)benzoate	Thyroid Hormone Receptor (TR-alpha)	Homo sapiens		>100000							Curated from the literature by BindingDB	10.1021/jm070556y	17918822			Arnold, LA; Kosinski, A; Estebanez-Perpina, E; Fletterick, RJ; Guy, RK	St. Jude Research Hospital	http://www.bindingdb.org/bind/chemsearch/marvin/MolStructure.jsp?monomerid=18841	http://www.bindingdb.org/jsp/dbsearch/PrimarySearch_ki.jsp?energyterm=kJ/mole&tag=pol&polymerid=1949&target=Thyroid+Hormone+Receptor+%28TR-alpha%29&column=ki&startPg=0&Increment=50&submit=Search	http://www.bindingdb.org/jsp/dbsearch/PrimarySearch_ki.jsp?energyterm=kJ/mole&tag=r21&monomerid=18841&enzyme=Thyroid+Hormone+Receptor+%28TR-alpha%29&column=ki&startPg=0&Increment=50&submit=Search			23635724	46518894						ZINC14969005	1	EEMIRSLQQRPEPTPEEWDLIHIATEAHRSTNAQGSHWKQRRKFLPDDIGQSPIVSMPDGDKVDLEAFSEFTKIITPAITRVVDFAKKLPMFSELPCEDQIILLKGCCMEIMSLRAAVRYDPESDTLTLSGEMAVKREQLKNGGLGVVSDAIFELGKSLSAFNLDDTEVALLQAVLLMSTDRSGLLCVDKIEKSQEAYLLAFEHYVNHRKHNIPHFWPKLLMKEREVQSSILYKGAAAEGRPGGSLGVHPEGQQLLGMHVVQV	1NAV,2H77,2H79,3HZF,3ILZ,3JZB,4LNW,4LNX										
33590	CCCCCOC(=O)c1ccc(OC(=O)C=C)cc1	InChI=1S/C15H18O4/c1-3-5-6-11-18-15(17)12-7-9-13(10-8-12)19-14(16)4-2/h4,7-10H,2-3,5-6,11H2,1H3	FVRSIGNIIGMHKW-UHFFFAOYSA-N	18842	Substituted Acrylate, 6j::pentyl 4-(prop-2-enoyloxy)benzoate	Thyroid Hormone Receptor (TR-alpha)	Homo sapiens		>100000							Curated from the literature by BindingDB	10.1021/jm070556y	17918822			Arnold, LA; Kosinski, A; Estebanez-Perpina, E; Fletterick, RJ; Guy, RK	St. Jude Research Hospital	http://www.bindingdb.org/bind/chemsearch/marvin/MolStructure.jsp?monomerid=18842	http://www.bindingdb.org/jsp/dbsearch/PrimarySearch_ki.jsp?energyterm=kJ/mole&tag=pol&polymerid=1949&target=Thyroid+Hormone+Receptor+%28TR-alpha%29&column=ki&startPg=0&Increment=50&submit=Search	http://www.bindingdb.org/jsp/dbsearch/PrimarySearch_ki.jsp?energyterm=kJ/mole&tag=r21&monomerid=18842&enzyme=Thyroid+Hormone+Receptor+%28TR-alpha%29&column=ki&startPg=0&Increment=50&submit=Search			23635725	46518895						ZINC14969010	1	EEMIRSLQQRPEPTPEEWDLIHIATEAHRSTNAQGSHWKQRRKFLPDDIGQSPIVSMPDGDKVDLEAFSEFTKIITPAITRVVDFAKKLPMFSELPCEDQIILLKGCCMEIMSLRAAVRYDPESDTLTLSGEMAVKREQLKNGGLGVVSDAIFELGKSLSAFNLDDTEVALLQAVLLMSTDRSGLLCVDKIEKSQEAYLLAFEHYVNHRKHNIPHFWPKLLMKEREVQSSILYKGAAAEGRPGGSLGVHPEGQQLLGMHVVQV	1NAV,2H77,2H79,3HZF,3ILZ,3JZB,4LNW,4LNX										
33591	CCCCCCOC(=O)c1ccccc1OC(=O)C=C	InChI=1S/C16H20O4/c1-3-5-6-9-12-19-16(18)13-10-7-8-11-14(13)20-15(17)4-2/h4,7-8,10-11H,2-3,5-6,9,12H2,1H3	XJUAUMZIIVCBQN-UHFFFAOYSA-N	18843	Substituted Acrylate, 6k::hexyl 2-(prop-2-enoyloxy)benzoate	Thyroid Hormone Receptor (TR-alpha)	Homo sapiens		 39100							Curated from the literature by BindingDB	10.1021/jm070556y	17918822			Arnold, LA; Kosinski, A; Estebanez-Perpina, E; Fletterick, RJ; Guy, RK	St. Jude Research Hospital	http://www.bindingdb.org/bind/chemsearch/marvin/MolStructure.jsp?monomerid=18843	http://www.bindingdb.org/jsp/dbsearch/PrimarySearch_ki.jsp?energyterm=kJ/mole&tag=pol&polymerid=1949&target=Thyroid+Hormone+Receptor+%28TR-alpha%29&column=ki&startPg=0&Increment=50&submit=Search	http://www.bindingdb.org/jsp/dbsearch/PrimarySearch_ki.jsp?energyterm=kJ/mole&tag=r21&monomerid=18843&enzyme=Thyroid+Hormone+Receptor+%28TR-alpha%29&column=ki&startPg=0&Increment=50&submit=Search			23648078	46518896						ZINC14969014	1	EEMIRSLQQRPEPTPEEWDLIHIATEAHRSTNAQGSHWKQRRKFLPDDIGQSPIVSMPDGDKVDLEAFSEFTKIITPAITRVVDFAKKLPMFSELPCEDQIILLKGCCMEIMSLRAAVRYDPESDTLTLSGEMAVKREQLKNGGLGVVSDAIFELGKSLSAFNLDDTEVALLQAVLLMSTDRSGLLCVDKIEKSQEAYLLAFEHYVNHRKHNIPHFWPKLLMKEREVQSSILYKGAAAEGRPGGSLGVHPEGQQLLGMHVVQV	1NAV,2H77,2H79,3HZF,3ILZ,3JZB,4LNW,4LNX										
33592	CCCC(=O)Nc1ccc(OC(=O)C=C)cc1	InChI=1S/C13H15NO3/c1-3-5-12(15)14-10-6-8-11(9-7-10)17-13(16)4-2/h4,6-9H,2-3,5H2,1H3,(H,14,15)	REOLFFCHHJYMLZ-UHFFFAOYSA-N	18844	4-butanamidophenyl prop-2-enoate::Substituted Acrylate, 6l	Thyroid Hormone Receptor (TR-alpha)	Homo sapiens		>100000							Curated from the literature by BindingDB	10.1021/jm070556y	17918822			Arnold, LA; Kosinski, A; Estebanez-Perpina, E; Fletterick, RJ; Guy, RK	St. Jude Research Hospital	http://www.bindingdb.org/bind/chemsearch/marvin/MolStructure.jsp?monomerid=18844	http://www.bindingdb.org/jsp/dbsearch/PrimarySearch_ki.jsp?energyterm=kJ/mole&tag=pol&polymerid=1949&target=Thyroid+Hormone+Receptor+%28TR-alpha%29&column=ki&startPg=0&Increment=50&submit=Search	http://www.bindingdb.org/jsp/dbsearch/PrimarySearch_ki.jsp?energyterm=kJ/mole&tag=r21&monomerid=18844&enzyme=Thyroid+Hormone+Receptor+%28TR-alpha%29&column=ki&startPg=0&Increment=50&submit=Search			23635727	46518897						ZINC14969018	1	EEMIRSLQQRPEPTPEEWDLIHIATEAHRSTNAQGSHWKQRRKFLPDDIGQSPIVSMPDGDKVDLEAFSEFTKIITPAITRVVDFAKKLPMFSELPCEDQIILLKGCCMEIMSLRAAVRYDPESDTLTLSGEMAVKREQLKNGGLGVVSDAIFELGKSLSAFNLDDTEVALLQAVLLMSTDRSGLLCVDKIEKSQEAYLLAFEHYVNHRKHNIPHFWPKLLMKEREVQSSILYKGAAAEGRPGGSLGVHPEGQQLLGMHVVQV	1NAV,2H77,2H79,3HZF,3ILZ,3JZB,4LNW,4LNX										
33593	C=CC(=O)Oc1ccc2CCCCc2c1	InChI=1S/C13H14O2/c1-2-13(14)15-12-8-7-10-5-3-4-6-11(10)9-12/h2,7-9H,1,3-6H2	SFLLCEMYPIRSDY-UHFFFAOYSA-N	18845	5,6,7,8-tetrahydronaphthalen-2-yl prop-2-enoate::Substituted Acrylate, 6m	Thyroid Hormone Receptor (TR-alpha)	Homo sapiens		 85300							Curated from the literature by BindingDB	10.1021/jm070556y	17918822			Arnold, LA; Kosinski, A; Estebanez-Perpina, E; Fletterick, RJ; Guy, RK	St. Jude Research Hospital	http://www.bindingdb.org/bind/chemsearch/marvin/MolStructure.jsp?monomerid=18845	http://www.bindingdb.org/jsp/dbsearch/PrimarySearch_ki.jsp?energyterm=kJ/mole&tag=pol&polymerid=1949&target=Thyroid+Hormone+Receptor+%28TR-alpha%29&column=ki&startPg=0&Increment=50&submit=Search	http://www.bindingdb.org/jsp/dbsearch/PrimarySearch_ki.jsp?energyterm=kJ/mole&tag=r21&monomerid=18845&enzyme=Thyroid+Hormone+Receptor+%28TR-alpha%29&column=ki&startPg=0&Increment=50&submit=Search			23635728	46518898						ZINC14969022	1	EEMIRSLQQRPEPTPEEWDLIHIATEAHRSTNAQGSHWKQRRKFLPDDIGQSPIVSMPDGDKVDLEAFSEFTKIITPAITRVVDFAKKLPMFSELPCEDQIILLKGCCMEIMSLRAAVRYDPESDTLTLSGEMAVKREQLKNGGLGVVSDAIFELGKSLSAFNLDDTEVALLQAVLLMSTDRSGLLCVDKIEKSQEAYLLAFEHYVNHRKHNIPHFWPKLLMKEREVQSSILYKGAAAEGRPGGSLGVHPEGQQLLGMHVVQV	1NAV,2H77,2H79,3HZF,3ILZ,3JZB,4LNW,4LNX										
33594	CCCCCCc1ccc(NC(=O)C=C)cc1	InChI=1S/C15H21NO/c1-3-5-6-7-8-13-9-11-14(12-10-13)16-15(17)4-2/h4,9-12H,2-3,5-8H2,1H3,(H,16,17)	PLZCRSIPFQILMX-UHFFFAOYSA-N	18846	N-(4-hexylphenyl)prop-2-enamide::Substituted Acrylamide, 7a	Thyroid Hormone Receptor (TR-alpha)	Homo sapiens		 21600							Curated from the literature by BindingDB	10.1021/jm070556y	17918822			Arnold, LA; Kosinski, A; Estebanez-Perpina, E; Fletterick, RJ; Guy, RK	St. Jude Research Hospital	http://www.bindingdb.org/bind/chemsearch/marvin/MolStructure.jsp?monomerid=18846	http://www.bindingdb.org/jsp/dbsearch/PrimarySearch_ki.jsp?energyterm=kJ/mole&tag=pol&polymerid=1949&target=Thyroid+Hormone+Receptor+%28TR-alpha%29&column=ki&startPg=0&Increment=50&submit=Search	http://www.bindingdb.org/jsp/dbsearch/PrimarySearch_ki.jsp?energyterm=kJ/mole&tag=r21&monomerid=18846&enzyme=Thyroid+Hormone+Receptor+%28TR-alpha%29&column=ki&startPg=0&Increment=50&submit=Search			23635729	46518899						ZINC14969026	1	EEMIRSLQQRPEPTPEEWDLIHIATEAHRSTNAQGSHWKQRRKFLPDDIGQSPIVSMPDGDKVDLEAFSEFTKIITPAITRVVDFAKKLPMFSELPCEDQIILLKGCCMEIMSLRAAVRYDPESDTLTLSGEMAVKREQLKNGGLGVVSDAIFELGKSLSAFNLDDTEVALLQAVLLMSTDRSGLLCVDKIEKSQEAYLLAFEHYVNHRKHNIPHFWPKLLMKEREVQSSILYKGAAAEGRPGGSLGVHPEGQQLLGMHVVQV	1NAV,2H77,2H79,3HZF,3ILZ,3JZB,4LNW,4LNX										
33595	CCCCCCc1ccc(NC(=O)\C=C/C(O)=O)cc1	InChI=1S/C16H21NO3/c1-2-3-4-5-6-13-7-9-14(10-8-13)17-15(18)11-12-16(19)20/h7-12H,2-6H2,1H3,(H,17,18)(H,19,20)/b12-11-	OOWYMHDWBQTCOX-QXMHVHEDSA-N	18847	(2Z)-3-[(4-hexylphenyl)carbamoyl]prop-2-enoic acid::Substituted Acrylamide, 7b	Thyroid Hormone Receptor (TR-alpha)	Homo sapiens		 17500							Curated from the literature by BindingDB	10.1021/jm070556y	17918822			Arnold, LA; Kosinski, A; Estebanez-Perpina, E; Fletterick, RJ; Guy, RK	St. Jude Research Hospital	http://www.bindingdb.org/bind/chemsearch/marvin/MolStructure.jsp?monomerid=18847	http://www.bindingdb.org/jsp/dbsearch/PrimarySearch_ki.jsp?energyterm=kJ/mole&tag=pol&polymerid=1949&target=Thyroid+Hormone+Receptor+%28TR-alpha%29&column=ki&startPg=0&Increment=50&submit=Search	http://www.bindingdb.org/jsp/dbsearch/PrimarySearch_ki.jsp?energyterm=kJ/mole&tag=r21&monomerid=18847&enzyme=Thyroid+Hormone+Receptor+%28TR-alpha%29&column=ki&startPg=0&Increment=50&submit=Search			23635730	46518900						ZINC14969030	1	EEMIRSLQQRPEPTPEEWDLIHIATEAHRSTNAQGSHWKQRRKFLPDDIGQSPIVSMPDGDKVDLEAFSEFTKIITPAITRVVDFAKKLPMFSELPCEDQIILLKGCCMEIMSLRAAVRYDPESDTLTLSGEMAVKREQLKNGGLGVVSDAIFELGKSLSAFNLDDTEVALLQAVLLMSTDRSGLLCVDKIEKSQEAYLLAFEHYVNHRKHNIPHFWPKLLMKEREVQSSILYKGAAAEGRPGGSLGVHPEGQQLLGMHVVQV	1NAV,2H77,2H79,3HZF,3ILZ,3JZB,4LNW,4LNX										
33596	CCCCCCc1ccc(NC(=O)\C=C\C)cc1	InChI=1S/C16H23NO/c1-3-5-6-7-9-14-10-12-15(13-11-14)17-16(18)8-4-2/h4,8,10-13H,3,5-7,9H2,1-2H3,(H,17,18)/b8-4+	NIGSEPKOJYBKJC-XBXARRHUSA-N	18848	(2E)-N-(4-hexylphenyl)but-2-enamide::Substituted Acrylamide, 7c	Thyroid Hormone Receptor (TR-alpha)	Homo sapiens		>100000							Curated from the literature by BindingDB	10.1021/jm070556y	17918822			Arnold, LA; Kosinski, A; Estebanez-Perpina, E; Fletterick, RJ; Guy, RK	St. Jude Research Hospital	http://www.bindingdb.org/bind/chemsearch/marvin/MolStructure.jsp?monomerid=18848	http://www.bindingdb.org/jsp/dbsearch/PrimarySearch_ki.jsp?energyterm=kJ/mole&tag=pol&polymerid=1949&target=Thyroid+Hormone+Receptor+%28TR-alpha%29&column=ki&startPg=0&Increment=50&submit=Search	http://www.bindingdb.org/jsp/dbsearch/PrimarySearch_ki.jsp?energyterm=kJ/mole&tag=r21&monomerid=18848&enzyme=Thyroid+Hormone+Receptor+%28TR-alpha%29&column=ki&startPg=0&Increment=50&submit=Search			23635731	46518901						ZINC14969034	1	EEMIRSLQQRPEPTPEEWDLIHIATEAHRSTNAQGSHWKQRRKFLPDDIGQSPIVSMPDGDKVDLEAFSEFTKIITPAITRVVDFAKKLPMFSELPCEDQIILLKGCCMEIMSLRAAVRYDPESDTLTLSGEMAVKREQLKNGGLGVVSDAIFELGKSLSAFNLDDTEVALLQAVLLMSTDRSGLLCVDKIEKSQEAYLLAFEHYVNHRKHNIPHFWPKLLMKEREVQSSILYKGAAAEGRPGGSLGVHPEGQQLLGMHVVQV	1NAV,2H77,2H79,3HZF,3ILZ,3JZB,4LNW,4LNX										
33597	CCCCCCc1ccc(NC(=O)C=C(C)C)cc1	InChI=1S/C17H25NO/c1-4-5-6-7-8-15-9-11-16(12-10-15)18-17(19)13-14(2)3/h9-13H,4-8H2,1-3H3,(H,18,19)	SEUIJTZOZOVAAV-UHFFFAOYSA-N	18849	N-(4-hexylphenyl)-3-methylbut-2-enamide::Substituted Acrylamide, 7d	Thyroid Hormone Receptor (TR-alpha)	Homo sapiens		>100000							Curated from the literature by BindingDB	10.1021/jm070556y	17918822			Arnold, LA; Kosinski, A; Estebanez-Perpina, E; Fletterick, RJ; Guy, RK	St. Jude Research Hospital	http://www.bindingdb.org/bind/chemsearch/marvin/MolStructure.jsp?monomerid=18849	http://www.bindingdb.org/jsp/dbsearch/PrimarySearch_ki.jsp?energyterm=kJ/mole&tag=pol&polymerid=1949&target=Thyroid+Hormone+Receptor+%28TR-alpha%29&column=ki&startPg=0&Increment=50&submit=Search	http://www.bindingdb.org/jsp/dbsearch/PrimarySearch_ki.jsp?energyterm=kJ/mole&tag=r21&monomerid=18849&enzyme=Thyroid+Hormone+Receptor+%28TR-alpha%29&column=ki&startPg=0&Increment=50&submit=Search			23635732	46518902						ZINC14969038	1	EEMIRSLQQRPEPTPEEWDLIHIATEAHRSTNAQGSHWKQRRKFLPDDIGQSPIVSMPDGDKVDLEAFSEFTKIITPAITRVVDFAKKLPMFSELPCEDQIILLKGCCMEIMSLRAAVRYDPESDTLTLSGEMAVKREQLKNGGLGVVSDAIFELGKSLSAFNLDDTEVALLQAVLLMSTDRSGLLCVDKIEKSQEAYLLAFEHYVNHRKHNIPHFWPKLLMKEREVQSSILYKGAAAEGRPGGSLGVHPEGQQLLGMHVVQV	1NAV,2H77,2H79,3HZF,3ILZ,3JZB,4LNW,4LNX										
33598	CCCCCCc1ccc(NC(=O)\C=C\c2ccccc2)cc1	InChI=1S/C21H25NO/c1-2-3-4-6-11-19-12-15-20(16-13-19)22-21(23)17-14-18-9-7-5-8-10-18/h5,7-10,12-17H,2-4,6,11H2,1H3,(H,22,23)/b17-14+	LCJIJNGNUXKGNQ-SAPNQHFASA-N	18850	(2E)-N-(4-hexylphenyl)-3-phenylprop-2-enamide::Substituted Acrylamide, 7e	Thyroid Hormone Receptor (TR-alpha)	Homo sapiens		>100000							Curated from the literature by BindingDB	10.1021/jm070556y	17918822			Arnold, LA; Kosinski, A; Estebanez-Perpina, E; Fletterick, RJ; Guy, RK	St. Jude Research Hospital	http://www.bindingdb.org/bind/chemsearch/marvin/MolStructure.jsp?monomerid=18850	http://www.bindingdb.org/jsp/dbsearch/PrimarySearch_ki.jsp?energyterm=kJ/mole&tag=pol&polymerid=1949&target=Thyroid+Hormone+Receptor+%28TR-alpha%29&column=ki&startPg=0&Increment=50&submit=Search	http://www.bindingdb.org/jsp/dbsearch/PrimarySearch_ki.jsp?energyterm=kJ/mole&tag=r21&monomerid=18850&enzyme=Thyroid+Hormone+Receptor+%28TR-alpha%29&column=ki&startPg=0&Increment=50&submit=Search			23635852	46518903						ZINC14969041	1	EEMIRSLQQRPEPTPEEWDLIHIATEAHRSTNAQGSHWKQRRKFLPDDIGQSPIVSMPDGDKVDLEAFSEFTKIITPAITRVVDFAKKLPMFSELPCEDQIILLKGCCMEIMSLRAAVRYDPESDTLTLSGEMAVKREQLKNGGLGVVSDAIFELGKSLSAFNLDDTEVALLQAVLLMSTDRSGLLCVDKIEKSQEAYLLAFEHYVNHRKHNIPHFWPKLLMKEREVQSSILYKGAAAEGRPGGSLGVHPEGQQLLGMHVVQV	1NAV,2H77,2H79,3HZF,3ILZ,3JZB,4LNW,4LNX										
33599	CCCCCCc1ccc(NC(=O)CC(=C)C(O)=O)cc1	InChI=1S/C17H23NO3/c1-3-4-5-6-7-14-8-10-15(11-9-14)18-16(19)12-13(2)17(20)21/h8-11H,2-7,12H2,1H3,(H,18,19)(H,20,21)	KDVFCGVJCOQNTK-UHFFFAOYSA-N	18851	3-[(4-hexylphenyl)carbamoyl]-2-methylidenepropanoic acid::Substituted Acrylamide, 7f	Thyroid Hormone Receptor (TR-alpha)	Homo sapiens		>100000							Curated from the literature by BindingDB	10.1021/jm070556y	17918822			Arnold, LA; Kosinski, A; Estebanez-Perpina, E; Fletterick, RJ; Guy, RK	St. Jude Research Hospital	http://www.bindingdb.org/bind/chemsearch/marvin/MolStructure.jsp?monomerid=18851	http://www.bindingdb.org/jsp/dbsearch/PrimarySearch_ki.jsp?energyterm=kJ/mole&tag=pol&polymerid=1949&target=Thyroid+Hormone+Receptor+%28TR-alpha%29&column=ki&startPg=0&Increment=50&submit=Search	http://www.bindingdb.org/jsp/dbsearch/PrimarySearch_ki.jsp?energyterm=kJ/mole&tag=r21&monomerid=18851&enzyme=Thyroid+Hormone+Receptor+%28TR-alpha%29&column=ki&startPg=0&Increment=50&submit=Search			23635853	46518904						ZINC14969045	1	EEMIRSLQQRPEPTPEEWDLIHIATEAHRSTNAQGSHWKQRRKFLPDDIGQSPIVSMPDGDKVDLEAFSEFTKIITPAITRVVDFAKKLPMFSELPCEDQIILLKGCCMEIMSLRAAVRYDPESDTLTLSGEMAVKREQLKNGGLGVVSDAIFELGKSLSAFNLDDTEVALLQAVLLMSTDRSGLLCVDKIEKSQEAYLLAFEHYVNHRKHNIPHFWPKLLMKEREVQSSILYKGAAAEGRPGGSLGVHPEGQQLLGMHVVQV	1NAV,2H77,2H79,3HZF,3ILZ,3JZB,4LNW,4LNX										
33600	CCCCCCc1ccc(NC(=O)CCC(O)=O)cc1	InChI=1S/C16H23NO3/c1-2-3-4-5-6-13-7-9-14(10-8-13)17-15(18)11-12-16(19)20/h7-10H,2-6,11-12H2,1H3,(H,17,18)(H,19,20)	SRDCUULDAZDTJU-UHFFFAOYSA-N	18852	3-[(4-hexylphenyl)carbamoyl]propanoic acid::Substituted Acrylamide, 7g	Thyroid Hormone Receptor (TR-alpha)	Homo sapiens		>100000							Curated from the literature by BindingDB	10.1021/jm070556y	17918822			Arnold, LA; Kosinski, A; Estebanez-Perpina, E; Fletterick, RJ; Guy, RK	St. Jude Research Hospital	http://www.bindingdb.org/bind/chemsearch/marvin/MolStructure.jsp?monomerid=18852	http://www.bindingdb.org/jsp/dbsearch/PrimarySearch_ki.jsp?energyterm=kJ/mole&tag=pol&polymerid=1949&target=Thyroid+Hormone+Receptor+%28TR-alpha%29&column=ki&startPg=0&Increment=50&submit=Search	http://www.bindingdb.org/jsp/dbsearch/PrimarySearch_ki.jsp?energyterm=kJ/mole&tag=r21&monomerid=18852&enzyme=Thyroid+Hormone+Receptor+%28TR-alpha%29&column=ki&startPg=0&Increment=50&submit=Search			23635854	46518905						ZINC14969048	1	EEMIRSLQQRPEPTPEEWDLIHIATEAHRSTNAQGSHWKQRRKFLPDDIGQSPIVSMPDGDKVDLEAFSEFTKIITPAITRVVDFAKKLPMFSELPCEDQIILLKGCCMEIMSLRAAVRYDPESDTLTLSGEMAVKREQLKNGGLGVVSDAIFELGKSLSAFNLDDTEVALLQAVLLMSTDRSGLLCVDKIEKSQEAYLLAFEHYVNHRKHNIPHFWPKLLMKEREVQSSILYKGAAAEGRPGGSLGVHPEGQQLLGMHVVQV	1NAV,2H77,2H79,3HZF,3ILZ,3JZB,4LNW,4LNX										
33601	CCCCCCc1ccc(NC(=O)C#C)cc1	InChI=1S/C15H19NO/c1-3-5-6-7-8-13-9-11-14(12-10-13)16-15(17)4-2/h2,9-12H,3,5-8H2,1H3,(H,16,17)	SYSHNOJOKWQTRL-UHFFFAOYSA-N	18853	N-(4-hexylphenyl)prop-2-ynamide::Propiolic acid derivative, 8a	Thyroid Hormone Receptor (TR-alpha)	Homo sapiens		 68900							Curated from the literature by BindingDB	10.1021/jm070556y	17918822			Arnold, LA; Kosinski, A; Estebanez-Perpina, E; Fletterick, RJ; Guy, RK	St. Jude Research Hospital	http://www.bindingdb.org/bind/chemsearch/marvin/MolStructure.jsp?monomerid=18853	http://www.bindingdb.org/jsp/dbsearch/PrimarySearch_ki.jsp?energyterm=kJ/mole&tag=pol&polymerid=1949&target=Thyroid+Hormone+Receptor+%28TR-alpha%29&column=ki&startPg=0&Increment=50&submit=Search	http://www.bindingdb.org/jsp/dbsearch/PrimarySearch_ki.jsp?energyterm=kJ/mole&tag=r21&monomerid=18853&enzyme=Thyroid+Hormone+Receptor+%28TR-alpha%29&column=ki&startPg=0&Increment=50&submit=Search			23635855	46518906						ZINC14969052	1	EEMIRSLQQRPEPTPEEWDLIHIATEAHRSTNAQGSHWKQRRKFLPDDIGQSPIVSMPDGDKVDLEAFSEFTKIITPAITRVVDFAKKLPMFSELPCEDQIILLKGCCMEIMSLRAAVRYDPESDTLTLSGEMAVKREQLKNGGLGVVSDAIFELGKSLSAFNLDDTEVALLQAVLLMSTDRSGLLCVDKIEKSQEAYLLAFEHYVNHRKHNIPHFWPKLLMKEREVQSSILYKGAAAEGRPGGSLGVHPEGQQLLGMHVVQV	1NAV,2H77,2H79,3HZF,3ILZ,3JZB,4LNW,4LNX										
33602	CCCCCCc1ccc(OC(=O)C#C)cc1	InChI=1S/C15H18O2/c1-3-5-6-7-8-13-9-11-14(12-10-13)17-15(16)4-2/h2,9-12H,3,5-8H2,1H3	IAEVDNHEIHTNJR-UHFFFAOYSA-N	18854	4-hexylphenyl prop-2-ynoate::Propiolic acid derivative, 8b	Thyroid Hormone Receptor (TR-alpha)	Homo sapiens		 16700							Curated from the literature by BindingDB	10.1021/jm070556y	17918822			Arnold, LA; Kosinski, A; Estebanez-Perpina, E; Fletterick, RJ; Guy, RK	St. Jude Research Hospital	http://www.bindingdb.org/bind/chemsearch/marvin/MolStructure.jsp?monomerid=18854	http://www.bindingdb.org/jsp/dbsearch/PrimarySearch_ki.jsp?energyterm=kJ/mole&tag=pol&polymerid=1949&target=Thyroid+Hormone+Receptor+%28TR-alpha%29&column=ki&startPg=0&Increment=50&submit=Search	http://www.bindingdb.org/jsp/dbsearch/PrimarySearch_ki.jsp?energyterm=kJ/mole&tag=r21&monomerid=18854&enzyme=Thyroid+Hormone+Receptor+%28TR-alpha%29&column=ki&startPg=0&Increment=50&submit=Search			23635856	46518907						ZINC14969055	1	EEMIRSLQQRPEPTPEEWDLIHIATEAHRSTNAQGSHWKQRRKFLPDDIGQSPIVSMPDGDKVDLEAFSEFTKIITPAITRVVDFAKKLPMFSELPCEDQIILLKGCCMEIMSLRAAVRYDPESDTLTLSGEMAVKREQLKNGGLGVVSDAIFELGKSLSAFNLDDTEVALLQAVLLMSTDRSGLLCVDKIEKSQEAYLLAFEHYVNHRKHNIPHFWPKLLMKEREVQSSILYKGAAAEGRPGGSLGVHPEGQQLLGMHVVQV	1NAV,2H77,2H79,3HZF,3ILZ,3JZB,4LNW,4LNX										
33603	CCCCCCc1ccc(cc1)C(=O)CCl	InChI=1S/C14H19ClO/c1-2-3-4-5-6-12-7-9-13(10-8-12)14(16)11-15/h7-10H,2-6,11H2,1H3	NRDFSKDVRCHYDS-UHFFFAOYSA-N	18855	2-chloro-1-(4-hexylphenyl)ethan-1-one::alpha-chloro ketone, 8c	Thyroid Hormone Receptor (TR-alpha)	Homo sapiens		 47700							Curated from the literature by BindingDB	10.1021/jm070556y	17918822			Arnold, LA; Kosinski, A; Estebanez-Perpina, E; Fletterick, RJ; Guy, RK	St. Jude Research Hospital	http://www.bindingdb.org/bind/chemsearch/marvin/MolStructure.jsp?monomerid=18855	http://www.bindingdb.org/jsp/dbsearch/PrimarySearch_ki.jsp?energyterm=kJ/mole&tag=pol&polymerid=1949&target=Thyroid+Hormone+Receptor+%28TR-alpha%29&column=ki&startPg=0&Increment=50&submit=Search	http://www.bindingdb.org/jsp/dbsearch/PrimarySearch_ki.jsp?energyterm=kJ/mole&tag=r21&monomerid=18855&enzyme=Thyroid+Hormone+Receptor+%28TR-alpha%29&column=ki&startPg=0&Increment=50&submit=Search			2404806	46518908						ZINC03289286	1	EEMIRSLQQRPEPTPEEWDLIHIATEAHRSTNAQGSHWKQRRKFLPDDIGQSPIVSMPDGDKVDLEAFSEFTKIITPAITRVVDFAKKLPMFSELPCEDQIILLKGCCMEIMSLRAAVRYDPESDTLTLSGEMAVKREQLKNGGLGVVSDAIFELGKSLSAFNLDDTEVALLQAVLLMSTDRSGLLCVDKIEKSQEAYLLAFEHYVNHRKHNIPHFWPKLLMKEREVQSSILYKGAAAEGRPGGSLGVHPEGQQLLGMHVVQV	1NAV,2H77,2H79,3HZF,3ILZ,3JZB,4LNW,4LNX										
33604	CCCCCCc1ccc(cc1)C(=O)CF	InChI=1S/C14H19FO/c1-2-3-4-5-6-12-7-9-13(10-8-12)14(16)11-15/h7-10H,2-6,11H2,1H3	WVXBETPXOHTEOO-UHFFFAOYSA-N	18856	2-fluoro-1-(4-hexylphenyl)ethan-1-one::alpha-fluoro ketone, 8d	Thyroid Hormone Receptor (TR-alpha)	Homo sapiens		>100000							Curated from the literature by BindingDB	10.1021/jm070556y	17918822			Arnold, LA; Kosinski, A; Estebanez-Perpina, E; Fletterick, RJ; Guy, RK	St. Jude Research Hospital	http://www.bindingdb.org/bind/chemsearch/marvin/MolStructure.jsp?monomerid=18856	http://www.bindingdb.org/jsp/dbsearch/PrimarySearch_ki.jsp?energyterm=kJ/mole&tag=pol&polymerid=1949&target=Thyroid+Hormone+Receptor+%28TR-alpha%29&column=ki&startPg=0&Increment=50&submit=Search	http://www.bindingdb.org/jsp/dbsearch/PrimarySearch_ki.jsp?energyterm=kJ/mole&tag=r21&monomerid=18856&enzyme=Thyroid+Hormone+Receptor+%28TR-alpha%29&column=ki&startPg=0&Increment=50&submit=Search			23635857	46518909						ZINC14969059	1	EEMIRSLQQRPEPTPEEWDLIHIATEAHRSTNAQGSHWKQRRKFLPDDIGQSPIVSMPDGDKVDLEAFSEFTKIITPAITRVVDFAKKLPMFSELPCEDQIILLKGCCMEIMSLRAAVRYDPESDTLTLSGEMAVKREQLKNGGLGVVSDAIFELGKSLSAFNLDDTEVALLQAVLLMSTDRSGLLCVDKIEKSQEAYLLAFEHYVNHRKHNIPHFWPKLLMKEREVQSSILYKGAAAEGRPGGSLGVHPEGQQLLGMHVVQV	1NAV,2H77,2H79,3HZF,3ILZ,3JZB,4LNW,4LNX										
33605	CCCCCCc1ccc(cc1)C(=O)CCBr	InChI=1S/C15H21BrO/c1-2-3-4-5-6-13-7-9-14(10-8-13)15(17)11-12-16/h7-10H,2-6,11-12H2,1H3	IKJXBCMGQCDIDG-UHFFFAOYSA-N	18857	3-bromo-1-(4-hexylphenyl)propan-1-one::beta-bromo ketone, 8e	Thyroid Hormone Receptor (TR-alpha)	Homo sapiens		 4200							Curated from the literature by BindingDB	10.1021/jm070556y	17918822			Arnold, LA; Kosinski, A; Estebanez-Perpina, E; Fletterick, RJ; Guy, RK	St. Jude Research Hospital	http://www.bindingdb.org/bind/chemsearch/marvin/MolStructure.jsp?monomerid=18857	http://www.bindingdb.org/jsp/dbsearch/PrimarySearch_ki.jsp?energyterm=kJ/mole&tag=pol&polymerid=1949&target=Thyroid+Hormone+Receptor+%28TR-alpha%29&column=ki&startPg=0&Increment=50&submit=Search	http://www.bindingdb.org/jsp/dbsearch/PrimarySearch_ki.jsp?energyterm=kJ/mole&tag=r21&monomerid=18857&enzyme=Thyroid+Hormone+Receptor+%28TR-alpha%29&column=ki&startPg=0&Increment=50&submit=Search			23635858	46518910						ZINC14969063	1	EEMIRSLQQRPEPTPEEWDLIHIATEAHRSTNAQGSHWKQRRKFLPDDIGQSPIVSMPDGDKVDLEAFSEFTKIITPAITRVVDFAKKLPMFSELPCEDQIILLKGCCMEIMSLRAAVRYDPESDTLTLSGEMAVKREQLKNGGLGVVSDAIFELGKSLSAFNLDDTEVALLQAVLLMSTDRSGLLCVDKIEKSQEAYLLAFEHYVNHRKHNIPHFWPKLLMKEREVQSSILYKGAAAEGRPGGSLGVHPEGQQLLGMHVVQV	1NAV,2H77,2H79,3HZF,3ILZ,3JZB,4LNW,4LNX										
33606	CCCCCCc1ccc(cc1)C(=O)CCCBr	InChI=1S/C16H23BrO/c1-2-3-4-5-7-14-9-11-15(12-10-14)16(18)8-6-13-17/h9-12H,2-8,13H2,1H3	HJYBMOSUOSJUFC-UHFFFAOYSA-N	18858	4-bromo-1-(4-hexylphenyl)butan-1-one::gamma-bromo ketone, 8f	Thyroid Hormone Receptor (TR-alpha)	Homo sapiens		>100000							Curated from the literature by BindingDB	10.1021/jm070556y	17918822			Arnold, LA; Kosinski, A; Estebanez-Perpina, E; Fletterick, RJ; Guy, RK	St. Jude Research Hospital	http://www.bindingdb.org/bind/chemsearch/marvin/MolStructure.jsp?monomerid=18858	http://www.bindingdb.org/jsp/dbsearch/PrimarySearch_ki.jsp?energyterm=kJ/mole&tag=pol&polymerid=1949&target=Thyroid+Hormone+Receptor+%28TR-alpha%29&column=ki&startPg=0&Increment=50&submit=Search	http://www.bindingdb.org/jsp/dbsearch/PrimarySearch_ki.jsp?energyterm=kJ/mole&tag=r21&monomerid=18858&enzyme=Thyroid+Hormone+Receptor+%28TR-alpha%29&column=ki&startPg=0&Increment=50&submit=Search			23635859	46518911						ZINC14969067	1	EEMIRSLQQRPEPTPEEWDLIHIATEAHRSTNAQGSHWKQRRKFLPDDIGQSPIVSMPDGDKVDLEAFSEFTKIITPAITRVVDFAKKLPMFSELPCEDQIILLKGCCMEIMSLRAAVRYDPESDTLTLSGEMAVKREQLKNGGLGVVSDAIFELGKSLSAFNLDDTEVALLQAVLLMSTDRSGLLCVDKIEKSQEAYLLAFEHYVNHRKHNIPHFWPKLLMKEREVQSSILYKGAAAEGRPGGSLGVHPEGQQLLGMHVVQV	1NAV,2H77,2H79,3HZF,3ILZ,3JZB,4LNW,4LNX										
33607	CCCCCCc1ccc(cc1)C(=O)C1CO1	InChI=1S/C15H20O2/c1-2-3-4-5-6-12-7-9-13(10-8-12)15(16)14-11-17-14/h7-10,14H,2-6,11H2,1H3	MHFYINHLDHITER-UHFFFAOYSA-N	18859	2-[(4-hexylphenyl)carbonyl]oxirane::epoxy-ketone, 8g	Thyroid Hormone Receptor (TR-alpha)	Homo sapiens		 33200							Curated from the literature by BindingDB	10.1021/jm070556y	17918822			Arnold, LA; Kosinski, A; Estebanez-Perpina, E; Fletterick, RJ; Guy, RK	St. Jude Research Hospital	http://www.bindingdb.org/bind/chemsearch/marvin/MolStructure.jsp?monomerid=18859	http://www.bindingdb.org/jsp/dbsearch/PrimarySearch_ki.jsp?energyterm=kJ/mole&tag=pol&polymerid=1949&target=Thyroid+Hormone+Receptor+%28TR-alpha%29&column=ki&startPg=0&Increment=50&submit=Search	http://www.bindingdb.org/jsp/dbsearch/PrimarySearch_ki.jsp?energyterm=kJ/mole&tag=r21&monomerid=18859&enzyme=Thyroid+Hormone+Receptor+%28TR-alpha%29&column=ki&startPg=0&Increment=50&submit=Search			23635860	46518912						ZINC14969075	1	EEMIRSLQQRPEPTPEEWDLIHIATEAHRSTNAQGSHWKQRRKFLPDDIGQSPIVSMPDGDKVDLEAFSEFTKIITPAITRVVDFAKKLPMFSELPCEDQIILLKGCCMEIMSLRAAVRYDPESDTLTLSGEMAVKREQLKNGGLGVVSDAIFELGKSLSAFNLDDTEVALLQAVLLMSTDRSGLLCVDKIEKSQEAYLLAFEHYVNHRKHNIPHFWPKLLMKEREVQSSILYKGAAAEGRPGGSLGVHPEGQQLLGMHVVQV	1NAV,2H77,2H79,3HZF,3ILZ,3JZB,4LNW,4LNX										
